Designator,Footprint,Quantity,Value,LCSC Part #
C1,0603,1,100nF,
C10,0603,1,100nF,
C11,0603,1,100nF,
C12,0603,1,100nF,
C13,0603,1,100nF,
C14,0603,1,100nF,
C15,0603,1,47uF,
C2,0603,1,100nF,
C3,0603,1,100nF,
C4,0603,1,100nF,
C5,0603,1,100nF,
C6,0603,1,100nF,
C7,0603,1,100nF,
C8,0603,1,100nF,
C9,0603,1,100nF,
D1,0805,1,1N4148,
"D10, D11, D12, D13, D2, D3, D4, D5, D6, D7, D8, D9",LED_SK6812MINI_PLCC4_3.5x3.5mm_P1.75mm,12,WS2812B,
D14,0805,1,1N4148,
"J1, J3",Jack_3.5mm_PJ320D_Horizontal,2,AudioJack4,
J2,PinHeader_1x07_P2.54mm_Vertical,1,Conn_01x07_Female,
R1,0603,1,220,
R2,0603,1,220,
R3,0603,1,4.7k,
R4,0603,1,220,
R5,0603,1,100,
R6,0603,1,1.8k,
R7,0603,1,4.7k,
R8,0603,1,4.7k,
"SW1, SW10, SW11, SW12, SW2, SW3, SW4, SW5, SW6, SW7, SW8, SW9",SW_PUSH-12mm-SMD,12,SW_Push,
SW13,RotaryEncoder_Alps_EC11E-Switch_Vertical_H20mm_CircularMountingHoles,1,Rotary_Encoder_Switch,
TP1,TestPoint_Pad_D1.5mm,1,BOOTSEL,
TP2,TestPoint_Pad_D1.5mm,1,NEOPIXEL_OUT,
U1,RPi_Pico_SMD,1,Pico,
U2,DIP-6_W8.89mm_SMDSocket_LongPads,1,H11L1,
